"","sgRNAid","sgRNA"
"45","sg1","GGGTGGGGGGAGTTTGCTCCTGG"
"13","sg10","TGGATGGAGGAATGAGGAGTTGG"
"49","sg11","GGGAAAGACCCAGCATCCGTGGG"
"744","sg12","GCGCCACCGGTTGATGTGATGGG"
"5","sg13","GCCTCCCCAAAGCCTGGCCAGGG"
"2","sg14","GACTTGTTTTCATTGTTCTCAGG"
"18","sg15","GGCCCAGACTGAGCACGTGATGG"
"152","sg16","GACCCCCTCCACCCCGCCTCCGG"
"424","sg17","GACATCGATGTCCTCCCCATTGG"
"15","sg18","GGCACTGCGGCTGGAGGTGGGGG"
"1","sg2","GCCTCTTTCCCACCCACCTTGGG"
"120","sg3","GTCACCTCCAATGACTAGGGTGG"
"461","sg4","GAACACAAAGCATAGACTGCGGG"
"34","sg5","GAGTCCGAGCAGAAGAAGAAGGG"
"46","sg6","CCCTGTGTCTCTGGATGGATGGG"
"68","sg7","GGAATCCCTTCTGCAGCACCTGG"
"3","sg8","GGTGAGTGAGTGTGTGCGTGTGG"
"14","sg9","GGCCAGGCTTTGGGGAGGCCTGG"
